{
    "normal": {
        "teal": "#7ADBBC", 
        "lgreen": "#B9E87E", 
        "orange": "#E7896D", 
        "yellow": "#FDF380", 
        "lavender": "#B58EFD", 
        "pink": "#EF99C3",
        "vlgrey": "#E8EBF7", 
        "lgrey": "#AA9F9E",
        "guiwhite": "#FFFFFF",
        "black": "#484848",
        "blue": "#3CA4CB",
        "green": "#8ABC3F",
        "red": "#E03E41",
        "gold": "#EFC74B",
        "purple": "#8D6ADF",
        "magenta": "#CC669C",
        "grey": "#A7A7AF",
        "dgrey": "#726F6F",
        "white": "#DBDBDB",
        "guiblack": "#000000",
        "paletteSize": 10,
        "border": 0.65
    },
    "classic": {
        "teal": "#8EFFFB", 
        "lgreen": "#85E37D", 
        "orange": "#FC7676", 
        "yellow": "#FFEB8E", 
        "lavender": "#B58EFF", 
        "pink": "#F177DD",
        "vlgrey": "#CDCDCD", 
        "lgrey": "#999999",
        "guiwhite": "#FFFFFF",
        "black": "#525252",
        "blue": "#00B0E1",
        "green": "#00E06C",
        "red": "#F04F54",
        "gold": "#FFE46B",
        "purple": "#768CFC",
        "magenta": "#BE7FF5", 
        "grey": "#999999",
        "dgrey": "#545454",
        "white": "#C0C0C0",
        "guiblack": "#000000",
        "paletteSize": 10,
        "border": 0.5
    },
    "dark": {
        "teal": "#8975B7", 
        "lgreen": "#1BA01F", 
        "orange": "#C46748", 
        "yellow": "#B2B224", 
        "lavender": "#7D56C5", 
        "pink": "#B24FAE",
        "vlgrey": "#1E1E1E", 
        "lgrey": "#3C3A3A",
        "guiwhite": "#000000",
        "black": "#E5E5E5",
        "blue": "#379FC6",
        "green": "#30B53B",
        "red": "#FF6C6E",
        "gold": "#FFC665",
        "purple": "#9673E8",
        "magenta": "#C8679B", 
        "grey": "#635F5F",
        "dgrey": "#73747A",
        "white": "#11110F",
        "guiblack": "#FFFFFF",
        "paletteSize": 10,
        "border": 0.15
    },
    "natural": {
        "teal": "#76C1BB", 
        "lgreen": "#AAD35D", 
        "orange": "#E09545", 
        "yellow": "#FFD993", 
        "lavender": "#939FFF", 
        "pink": "#D87FB2",
        "vlgrey": "#C4B6B6", 
        "lgrey": "#7F7F7F",
        "guiwhite": "#FFFFFF",
        "black": "#373834",
        "blue": "#4F93B5",
        "green": "#00B659",
        "red": "#E14F65",
        "gold": "#E5BF42",
        "purple": "#8053A0",
        "magenta": "#B67CAA", 
        "grey": "#998F8F",
        "dgrey": "#494954",
        "white": "#A5B2A5",
        "guiblack": "#000000",
        "paletteSize": 10,
        "border": 0.2
    },
    "forest": {
        "teal": "#884AA5", 
        "lgreen": "#8C9B3E", 
        "orange": "#D16A80", 
        "yellow": "#97596D", 
        "lavender": "#499855", 
        "pink": "#60294F",
        "vlgrey": "#DDC6B8", 
        "lgrey": "#7E949E",
        "guiwhite": "#FFFFE8",
        "black": "#665750",
        "blue": "#807BB6",
        "green": "#A1BE55",
        "red": "#E5B05B",
        "gold": "#FF4747",
        "purple": "#BAC674",
        "magenta": "#BA78D1", 
        "grey": "#998866",
        "dgrey": "#529758",
        "white": "#7DA060",
        "guiblack": "#000000",
        "paletteSize": 10,
        "border": 0.7
    },
    "midnight": {
        "teal": "#8EFFFB", 
        "lgreen": "#85E37D", 
        "orange": "#FC7676", 
        "yellow": "#FFEB8E", 
        "lavender": "#B58EFF", 
        "pink": "#F177DD",
        "vlgrey": "#CDCDCD", 
        "lgrey": "#999999",
        "guiwhite": "#FFFFFF",
        "black": "#525252",
        "blue": "#00B0E1",
        "green": "#00E06C",
        "red": "#F04F54",
        "gold": "#FFE46B",
        "purple": "#768CFC",
        "magenta": "#BE7FF5", 
        "grey": "#999999",
        "dgrey": "#545454",
        "white": "#C0C0C0",
        "guiblack": "#000000",
        "paletteSize": 10,
        "border": 0
    },
    "pastel": {
        "teal": "#89BFBA", 
        "lgreen": "#B5D17D", 
        "orange": "#E5E0E0", 
        "yellow": "#B5BBE5", 
        "lavender": "#939FFF", 
        "pink": "#646DE5",
        "vlgrey": "#B2B2B2", 
        "lgrey": "#7F7F7F",
        "guiwhite": "#FFFFFF",
        "black": "#383835",
        "blue": "#AEAEFF",
        "green": "#AEFFAE",
        "red": "#FFAEAE",
        "gold": "#FFFFFF",
        "purple": "#C3C3D8",
        "magenta": "#FFB5FF", 
        "grey": "#CCCCCC",
        "dgrey": "#A0A0B2",
        "white": "#F2F2F2",
        "guiblack": "#000000",
        "paletteSize": 10,
        "border": 0.35
    },
    "space": {
        "teal": "#4788F3", 
        "lgreen": "#AF1010", 
        "orange": "#FF0000", 
        "yellow": "#82F850", 
        "lavender": "#FFFFFF", 
        "pink": "#57006C",
        "vlgrey": "#FFFFFF", 
        "lgrey": "#272727",
        "guiwhite": "#000000",
        "black": "#7F7F7F",
        "blue": "#0E1B92",
        "green": "#0AEB80",
        "red": "#C2B90A",
        "gold": "#3E7E8C",
        "purple": "#285911",
        "magenta": "#A9707E", 
        "grey": "#6F6A68",
        "dgrey": "#2D0738",
        "white": "#000000",
        "guiblack": "#FFFFFF",
        "paletteSize": 10,
        "border": 0.25
    },
    "nebula": {
        "teal": "#38B06E", 
        "lgreen": "#22882E", 
        "orange": "#D28E7F", 
        "yellow": "#D5D879", 
        "lavender": "#E084EB", 
        "pink": "#DF3E3E",
        "vlgrey": "#F0F2CC", 
        "lgrey": "#7D7D7D",
        "guiwhite": "#C2C5EF",
        "black": "#161616",
        "blue": "#9274E6",
        "green": "#89F470",
        "red": "#E08E5D",
        "gold": "#ECDC58",
        "purple": "#58CBEC",
        "magenta": "#EA58EC", 
        "grey": "#7E5713",
        "dgrey": "#303030",
        "white": "#555555",
        "guiblack": "#EAEAEA",
        "paletteSize": 10,
        "border": 0.5
    },
    "bleach": {
        "teal": "#00FFFF", 
        "lgreen": "#00FF00", 
        "orange": "#FF3200", 
        "yellow": "#FFEC00", 
        "lavender": "#FF24A7", 
        "pink": "#FF3CBD",
        "vlgrey": "#FFF186", 
        "lgrey": "#918181",
        "guiwhite": "#F1F1F1",
        "black": "#5F5F5F",
        "blue": "#0025FF",
        "green": "#00FF00",
        "red": "#FF0000",
        "gold": "#FFFA23",
        "purple": "#3100FF",
        "magenta": "#D4D3D3", 
        "grey": "#838383",
        "dgrey": "#4C4C4C",
        "white": "#FFFEFE",
        "guiblack": "#080808",
        "paletteSize": 10,
        "border": 0.4
    },
    "ocean": {
        "teal": "#76EEC6", 
        "lgreen": "#41AA78", 
        "orange": "#FF7F50", 
        "yellow": "#FFD250", 
        "lavender": "#DC3388", 
        "pink": "#FA8072",
        "vlgrey": "#8B8886", 
        "lgrey": "#BFC1C2",
        "guiwhite": "#FFFFFF",
        "black": "#12466B",
        "blue": "#4200AE",
        "green": "#0D6338",
        "red": "#DC4333",
        "gold": "#FEA904",
        "purple": "#7B4BAB",
        "magenta": "#5C246E", 
        "grey": "#656884",
        "dgrey": "#D4D7D9",
        "white": "#3283BC",
        "guiblack": "#000000",
        "paletteSize": 10,
        "border": 0.3
    },
    "badlands": {
        "teal": "#F9CB9C", 
        "lgreen": "#F1C232", 
        "orange": "#38761D", 
        "yellow": "#E69138", 
        "lavender": "#B7B7B7", 
        "pink": "#78866B",
        "vlgrey": "#6AA84F", 
        "lgrey": "#B7B7B7",
        "guiwhite": "#A4C2F4",
        "black": "#000000",
        "blue": "#0C5A9E",
        "green": "#6E8922",
        "red": "#5B0000",
        "gold": "#783F04",
        "purple": "#591C77",
        "magenta": "#20124D", 
        "grey": "#2F1C16",
        "dgrey": "#999999",
        "white": "#543517",
        "guiblack": "#CFE2F3",
        "paletteSize": 10,
        "border": 0.4
    },
   "solarized": {
       "teal": "#B58900",
        "lgreen": "#2AA198",
        "orange": "#CB4B16",
        "yellow": "#657B83",
        "lavender": "#EEE8D5",
        "pink": "#D33682",
        "vlgrey": "#E0E2E4",
        "lgrey": "#073642",
        "guiwhite": "#ffffff",
        "black": "#000000",
        "blue": "#268BD2",
        "green": "#869600",
        "red": "#DC322F",
        "gold": "#B58900",
        "purple": "#678CB1",
        "magenta": "#A082BD",
        "grey": "#839496",
        "dgrey": "#073642",
        "white": "#002B36",
        "guiblack": "#000000",
        "paletteSize": 10,
        "border": 0.5
},
  "normal": {
        "teal": "#7ADBBC", 
        "lgreen": "#B9E87E", 
        "orange": "#E7896D", 
        "yellow": "#FDF380", 
        "lavender": "#B58EFD", 
        "pink": "#EF99C3",
        "vlgrey": "#E8EBF7", 
        "lgrey": "#AA9F9E",
        "guiwhite": "#FFFFFF",
        "black": "#484848",
        "blue": "#3CA4CB",
        "green": "#8ABC3F",
        "red": "#E03E41",
        "gold": "#EFC74B",
        "purple": "#8D6ADF",
        "magenta": "#CC669C", 
        "grey": "#A7A7AF",
        "dgrey": "#726F6F",
        "white": "#DBDBDB",
        "guiblack": "#000000",
        "paletteSize": 10,
        "border": 0.65
    },
"desert": {
       "teal": "#783B31",
        "lgreen": "#F5DEB3",
        "orange": "#E17D70",
        "yellow": "#DFAB79",
        "lavender": "#B9A9BB",
        "pink": "#C1938E",
        "vlgrey": "#A88E80",
        "lgrey": "#CCB78E",
        "guiwhite": "#ffffff",
        "black": "#555555",
        "blue": "#007BA7",
        "green": "#2E8B57",
        "red": "#E44D2E",
        "gold": "#DDCF70",
        "purple": "#5B968F",
        "magenta": "#856088",
        "grey": "#989B9D",
        "dgrey": "#9E8171",
        "white": "#CEB385",
        "guiblack": "#000000",
        "paletteSize": 10,
        "border":  0.5
       },
      "puredark": {
        "teal": "#0000ff",
        "lgreen": "#ff0000",
        "orange": "#808080",
        "yellow": "#606060",
        "lavender": "#000000",
        "pink": "#808080",
        "vlgrey": "#808080",
        "lgrey": "#000000",
        "guiwhite": "#000000",
        "black": "#000000",
        "blue": "#000080",
        "green": "#008000",
        "red": "#800000",
        "gold": "#808080",
        "purple": "#808080",
        "magenta": "#800080",
        "grey": "#a000a0",
        "dgrey": "#000000",
        "white": "#000000",
        "guiblack": "#ffffff",
        "paletteSize": 10,
        "border": 0.65
    },
  "solidcolors": {
    "teal": "#00ffd0",
    "lgreen": "#8aff00",
    "orange": "#ff8e00",
    "yellow": "#f3ff00",
    "lavender": "#9100ff",
    "pink": "#ff7dec",
    "vlgrey": "#f8fcff",
    "lgrey": "#fffcfc",
    "guiwhite": "#ffffff",
    "black": "#484848",
    "blue": "#004cff",
    "green": "#00ff00",
    "red": "#ff0000",
    "gold": "#f5ff00",
    "purple": "#aa4bff",
    "magenta": "#e800ff",
    "grey": "#676769",
    "dgrey": "#3f3e3e",
    "white": "#dde6eb",
    "guiBlack": "#000000",
    "palleteSize": 10,
    "border": "0"
  },
"paint": {
    "teal": "#7ADBBC", 
        "lgreen": "#B9E87E", 
        "orange": "#E7896D", 
        "yellow": "#FDF380", 
        "lavender": "#B58EFD", 
        "pink": "#EF99C3",
        "vlgrey": "#E8EBF7", 
        "lgrey": "#AA9F9E",
        "guiwhite": "#FFFFFF",
        "black": "#484848",
        "blue": "#3CA4CB",
        "green": "#8ABC3F",
        "red": "#E03E41",
        "gold": "#EFC74B",
        "purple": "#8D6ADF",
        "magenta": "#CC669C",
        "grey": "#A7A7AF",
        "dgrey": "#726F6F",
        "white": "#DBDBDB",
        "guiblack": "#000000",
        "paletteSize": 10,
    "border": "0"
    },
"battlefield": {  
  "teal": "#00B2FF",    
  "lgreen": "#13FF00",    
  "orange": "#FF6400",   
  "yellow": "#00FFAA", 
  "lavender": "#b58efd", 
  "pink": "#ef99c3",   
  "vlgrey": "#eaeaea",  
  "lgrey": "#d8d6d6",  
  "guiwhite": "#ffffff",
  "black": "#999797",    
  "blue": "#3ca4cb",    
  "green": "#8abc3f",   
  "red": "#e03e41",    
  "gold": "#efc74b",  
  "purple": "#b5b5b9", 
  "magenta": "#C500FF", 
  "grey": "#b5b5b9",   
  "dgrey": "#999797",  
  "white": "#F5D979",  
  "guiblack": "#000000",
  "paletteSize": 10, 
  "border": 0.5 
    }
}
